"time","driver.from_kmh.u"
0,0
0.0134201,0.0497962
0.0134201,0.0497962
0.0134335,0.0498462
0.0134335,0.0498462
0.1,0.371058
0.2,0.742115
0.3,1.11317
0.4,1.48423
0.5,1.85529
0.6,2.22635
0.7,2.5974
0.8,2.96846
0.9,3.33952
1,3.71058
1.1,4.08163
1.2,4.45269
1.3,4.82375
1.4,5.19481
1.5,5.56586
1.6,5.93692
1.7,6.30798
1.8,6.67904
1.9,7.05009
2,7.42115
2.1,7.79221
2.2,8.16327
2.3,8.53432
2.4,8.90538
2.5,9.27644
2.6,9.6475
2.7,10.0186
2.8,10.3896
2.9,10.7607
3,11.1317
3.1,11.5028
3.2,11.8738
3.3,12.2449
3.4,12.616
3.5,12.987
3.6,13.3581
3.7,13.7291
3.8,14.1002
3.9,14.4712
4,14.8423
4.1,15.2134
4.2,15.5844
4.3,15.9555
4.4,16.3265
4.5,16.6976
4.6,17.0686
4.7,17.4397
4.8,17.8108
4.9,18.1818
5,18.5529
5.1,18.9239
5.2,19.295
5.3,19.666
5.39,20
5.39,20
5.4,20
5.5,20
5.6,20
5.7,20
5.8,20
5.9,20
6,20
6.1,20
6.2,20
6.3,20
6.4,20
6.5,20
6.6,20
6.7,20
6.8,20
6.9,20
7,20
7.1,20
7.2,20
7.3,20
7.4,20
7.5,20
7.6,20
7.7,20
7.8,20
7.9,20
8,20
8.1,20
8.2,20
8.3,20
8.4,20
8.5,20
8.6,20
8.7,20
8.8,20
8.9,20
9,20
9.1,20
9.2,20
9.3,20
9.4,20
9.5,20
9.6,20
9.7,20
9.8,20
9.9,20
10,20
10.1,20
10.2,20
10.3,20
10.4,20
10.5,20
10.6,20
10.7,20
10.8,20
10.9,20
11,20
11.1,20
11.2,20
11.3,20
11.4,20
11.5,20
11.6,20
11.7,20
11.8,20
11.9,20
12,20
12.1,20
12.2,20
12.3,20
12.4,20
12.5,20
12.6,20
12.7,20
12.8,20
12.9,20
13,20
13.1,20
13.2,20
13.3,20
13.4,20
13.5,20
13.6,20
13.7,20
13.8,20
13.9,20
14,20
14.1,20
14.2,20
14.3,20
14.4,20
14.5,20
14.6,20
14.7,20
14.8,20
14.9,20
15,20
15.1,20
15.2,20
15.3,20
15.4,20
15.5,20
15.6,20
15.7,20
15.8,20
15.9,20
16,20
16.1,20
16.2,20
16.3,20
16.4,20
16.5,20
16.6,20
16.7,20
16.8,20
16.9,20
17,20
17.1,20
17.2,20
17.22,20
17.22,20
17.3,19.7698
17.4,19.482
17.5,19.1942
17.6,18.9065
17.7,18.6187
17.8,18.3309
17.9,18.0432
18,17.7554
18.1,17.4676
18.2,17.1799
18.3,16.8921
18.4,16.6043
18.5,16.3165
18.6,16.0288
18.7,15.741
18.8,15.4532
18.9,15.1655
19,14.8777
19.1,14.5899
19.2,14.3022
19.3,14.0144
19.4,13.7266
19.5,13.4388
19.6,13.1511
19.7,12.8633
19.8,12.5755
19.9,12.2878
20,12
20.1,11.7122
20.2,11.4245
20.3,11.1367
20.4,10.8489
20.5,10.5612
20.6,10.2734
20.7,9.98561
20.8,9.69784
20.9,9.41007
21,9.1223
21.1,8.83453
21.2,8.54676
21.3,8.25899
21.4,7.97122
21.5,7.68345
21.6,7.39568
21.7,7.10791
21.8,6.82014
21.9,6.53237
22,6.2446
22.1,5.95683
22.2,5.66906
22.3,5.38129
22.4,5.09353
22.5,4.80576
22.6,4.51799
22.7,4.23022
22.8,3.94245
22.9,3.65468
23,3.36691
23.1,3.07914
23.2,2.79137
23.3,2.5036
23.4,2.21583
23.5,1.92806
23.6,1.64029
23.7,1.35252
23.8,1.06475
23.9,0.776978
24,0.489209
24.1,0.201439
24.17,0
24.17,0
24.2,0
24.3,0
24.4,0
24.4031,0
24.4031,0
24.5,0
24.6,0
24.7,0
24.8,0
24.9,0
25,0
25.1,0
25.2,0
25.3,0
25.4,0
25.5,0
25.6,0
25.7,0
25.8,0
25.9,0
26,0
26.1,0
26.2,0
26.3,0
26.4,0
26.5,0
26.6,0
26.7,0
26.8,0
26.9,0
27,0
27.1,0
27.2,0
27.3,0
27.4,0
27.5,0
27.6,0
27.7,0
27.8,0
27.9,0
28,0
28.1,0
28.2,0
28.3,0
28.4,0
28.5,0
28.6,0
28.7,0
28.8,0
28.9,0
29,0
29.1,0
29.2,0
29.3,0
29.4,0
29.5,0
29.6,0
29.7,0
29.8,0
29.9,0
30,0
30.1,0
30.2,0
30.3,0
30.4,0
30.5,0
30.6,0
30.7,0
30.8,0
30.9,0
31,0
31.1,0
31.2,0
31.3,0
31.4,0
31.5,0
31.6,0
31.7,0
31.8,0
31.9,0
32,0
32.1,0
32.2,0
32.3,0
32.4,0
32.5,0
32.6,0
32.7,0
32.8,0
32.9,0
33,0
33.1,0
33.2,0
33.3,0
33.4,0
33.5,0
33.6,0
33.7,0
33.8,0
33.9,0
34,0
34.1,0
34.2,0
34.3,0
34.4,0
34.5,0
34.6,0
34.7,0
34.8,0
34.9,0
35,0
35.1,0
35.2,0
35.3,0
35.4,0
35.5,0
35.6,0
35.7,0
35.8,0
35.9,0
36,0
36.1,0
36.2,0
36.3,0
36.4,0
36.5,0
36.6,0
36.7,0
36.8,0
36.9,0
37,0
37.1,0
37.2,0
37.3,0
37.4,0
37.5,0
37.6,0
37.7,0
37.8,0
37.9,0
38,0
38.1,0
38.2,0
38.3,0
38.4,0
38.5,0
38.6,0
38.7,0
38.8,0
38.9,0
39,0
39.1,0
39.2,0
39.3,0
39.4,0
39.5,0
39.6,0
39.7,0
39.8,0
39.9,0
40,0
40.1,0
40.2,0
40.3,0
40.4,0
40.5,0
40.6,0
40.7,0
40.8,0
40.9,0
41,0
41.1,0
41.2,0
41.3,0
41.4,0
41.5,0
41.6,0
41.7,0
41.8,0
41.9,0
42,0
42.1,0
42.2,0
42.3,0
42.4,0
42.5,0
42.6,0
42.7,0
42.8,0
42.9,0
43,0
43.1,0
43.2,0
43.3,0
43.4,0
43.5,0
43.6,0
43.7,0
43.8,0
43.9,0
44,0
44.1,0
44.17,0
44.17,1.2524e-06
44.188,0.0497962
44.188,0.0497962
44.188,0.0500068
44.188,0.0500068
44.2,0.0831793
44.3,0.360444
44.4,0.637708
44.5,0.914972
44.6,1.19224
44.7,1.4695
44.8,1.74677
44.9,2.02403
45,2.30129
45.1,2.57856
45.2,2.85582
45.3,3.13309
45.4,3.41035
45.5,3.68762
45.6,3.96488
45.7,4.24214
45.8,4.51941
45.9,4.79667
46,5.07394
46.1,5.3512
46.2,5.62847
46.3,5.90573
46.4,6.18299
46.5,6.46026
46.6,6.73752
46.7,7.01479
46.8,7.29205
46.9,7.56932
47,7.84658
47.1,8.12384
47.2,8.40111
47.3,8.67837
47.4,8.95564
47.5,9.2329
47.6,9.51017
47.7,9.78743
47.8,10.0647
47.9,10.342
48,10.6192
48.1,10.8965
48.2,11.1738
48.3,11.451
48.4,11.7283
48.5,12.0055
48.6,12.2828
48.7,12.5601
48.8,12.8373
48.9,13.1146
49,13.3919
49.1,13.6691
49.2,13.9464
49.3,14.2237
49.4,14.5009
49.5,14.7782
49.6,15.0555
49.7,15.3327
49.8,15.61
49.9,15.8872
50,16.1645
50.1,16.4418
50.2,16.719
50.3,16.9963
50.4,17.2736
50.5,17.5508
50.6,17.8281
50.7,18.1054
50.8,18.3826
50.9,18.6599
51,18.9372
51.1,19.2144
51.2,19.4917
51.3,19.7689
51.4,20.0462
51.5,20.3235
51.6,20.6007
51.7,20.878
51.8,21.1553
51.9,21.4325
52,21.7098
52.1,21.9871
52.2,22.2643
52.3,22.5416
52.4,22.8189
52.5,23.0961
52.6,23.3734
52.7,23.6506
52.8,23.9279
52.9,24.2052
53,24.4824
53.1,24.7597
53.2,25.037
53.3,25.3142
53.4,25.5915
53.5,25.8688
53.6,26.146
53.7,26.4233
53.8,26.7006
53.9,26.9778
54,27.2551
54.1,27.5323
54.2,27.8096
54.3,28.0869
54.4,28.3641
54.5,28.6414
54.6,28.9187
54.7,29.1959
54.8,29.4732
54.9,29.7505
54.99,30
54.99,30
55,30
55.1,30
55.2,30
55.3,30
55.4,30
55.5,30
55.6,30
55.7,30
55.8,30
55.9,30
56,30
56.1,30
56.2,30
56.3,30
56.4,30
56.5,30
56.6,30
56.7,30
56.8,30
56.9,30
57,30
57.1,30
57.2,30
57.3,30
57.4,30
57.5,30
57.6,30
57.7,30
57.8,30
57.9,30
58,30
58.1,30
58.2,30
58.3,30
58.4,30
58.5,30
58.6,30
58.7,30
58.8,30
58.9,30
59,30
59.1,30
59.2,30
59.3,30
59.4,30
59.5,30
59.6,30
59.7,30
59.8,30
59.9,30
60,30
60.1,30
60.2,30
60.3,30
60.4,30
60.5,30
60.6,30
60.7,30
60.8,30
60.9,30
61,30
61.1,30
61.2,30
61.3,30
61.4,30
61.5,30
61.6,30
61.7,30
61.8,30
61.9,30
62,30
62.1,30
62.2,30
62.3,30
62.4,30
62.5,30
62.6,30
62.7,30
62.8,30
62.9,30
63,30
63.1,30
63.2,30
63.3,30
63.4,30
63.5,30
63.6,30
63.7,30
63.8,30
63.9,30
64,30
64.1,30
64.2,30
64.3,30
64.4,30
64.5,30
64.6,30
64.7,30
64.8,30
64.9,30
65,30
65.1,30
65.2,30
65.3,30
65.4,30
65.5,30
65.6,30
65.7,30
65.8,30
65.9,30
66,30
66.1,30
66.2,30
66.3,30
66.4,30
66.5,30
66.6,30
66.7,30
66.8,30
66.9,30
67,30
67.1,30
67.2,30
67.3,30
67.4,30
67.5,30
67.6,30
67.7,30
67.8,30
67.9,30
68,30
68.1,30
68.2,30
68.3,30
68.37,30
68.37,30
68.4,29.9136
68.5,29.6257
68.6,29.3378
68.7,29.0499
68.8,28.762
68.9,28.4741
69,28.1862
69.1,27.8983
69.2,27.6104
69.3,27.3225
69.4,27.0345
69.5,26.7466
69.6,26.4587
69.7,26.1708
69.8,25.8829
69.9,25.595
70,25.3071
70.1,25.0192
70.2,24.7313
70.3,24.4434
70.4,24.1555
70.5,23.8676
70.6,23.5797
70.7,23.2917
70.8,23.0038
70.9,22.7159
71,22.428
71.1,22.1401
71.2,21.8522
71.3,21.5643
71.4,21.2764
71.5,20.9885
71.6,20.7006
71.7,20.4127
71.8,20.1248
71.9,19.8369
72,19.5489
72.1,19.261
72.2,18.9731
72.3,18.6852
72.4,18.3973
72.5,18.1094
72.6,17.8215
72.7,17.5336
72.8,17.2457
72.9,16.9578
73,16.6699
73.1,16.382
73.2,16.094
73.3,15.8061
73.4,15.5182
73.5,15.2303
73.6,14.9424
73.7,14.6545
73.8,14.3666
73.9,14.0787
74,13.7908
74.1,13.5029
74.2,13.215
74.3,12.9271
74.4,12.6392
74.5,12.3512
74.6,12.0633
74.7,11.7754
74.8,11.4875
74.9,11.1996
75,10.9117
75.1,10.6238
75.2,10.3359
75.3,10.048
75.4,9.76008
75.5,9.47217
75.6,9.18426
75.7,8.89635
75.8,8.60845
75.9,8.32054
76,8.03263
76.1,7.74472
76.2,7.45681
76.3,7.16891
76.4,6.881
76.5,6.59309
76.6,6.30518
76.7,6.01727
76.8,5.72937
76.9,5.44146
77,5.15355
77.1,4.86564
77.2,4.57774
77.3,4.28983
77.4,4.00192
77.5,3.71401
77.6,3.4261
77.7,3.1382
77.8,2.85029
77.9,2.56238
78,2.27447
78.1,1.98656
78.2,1.69866
78.3,1.41075
78.4,1.12284
78.5,0.834933
78.6,0.547025
78.7,0.259117
78.79,0
78.79,0
78.8,0
78.9,0
79,0
79.0238,0
79.0238,0
79.1,0
79.2,0
79.3,0
79.4,0
79.5,0
79.6,0
79.7,0
79.8,0
79.9,0
80,0
80.1,0
80.2,0
80.3,0
80.4,0
80.5,0
80.6,0
80.7,0
80.8,0
80.9,0
81,0
81.1,0
81.2,0
81.3,0
81.4,0
81.5,0
81.6,0
81.7,0
81.8,0
81.9,0
82,0
82.1,0
82.2,0
82.3,0
82.4,0
82.5,0
82.6,0
82.7,0
82.8,0
82.9,0
83,0
83.1,0
83.2,0
83.3,0
83.4,0
83.5,0
83.6,0
83.7,0
83.8,0
83.9,0
84,0
84.1,0
84.2,0
84.3,0
84.4,0
84.5,0
84.6,0
84.7,0
84.8,0
84.9,0
85,0
85.1,0
85.2,0
85.3,0
85.4,0
85.5,0
85.6,0
85.7,0
85.8,0
85.9,0
86,0
86.1,0
86.2,0
86.3,0
86.4,0
86.5,0
86.6,0
86.7,0
86.8,0
86.9,0
87,0
87.1,0
87.2,0
87.3,0
87.4,0
87.5,0
87.6,0
87.7,0
87.8,0
87.9,0
88,0
88.1,0
88.2,0
88.3,0
88.4,0
88.5,0
88.6,0
88.7,0
88.8,0
88.9,0
89,0
89.1,0
89.2,0
89.3,0
89.4,0
89.5,0
89.6,0
89.7,0
89.8,0
89.9,0
90,0
90.1,0
90.2,0
90.3,0
90.4,0
90.5,0
90.6,0
90.7,0
90.8,0
90.9,0
91,0
91.1,0
91.2,0
91.3,0
91.4,0
91.5,0
91.6,0
91.7,0
91.8,0
91.9,0
92,0
92.1,0
92.2,0
92.3,0
92.4,0
92.5,0
92.6,0
92.7,0
92.8,0
92.9,0
93,0
93.1,0
93.2,0
93.3,0
93.4,0
93.5,0
93.6,0
93.7,0
93.8,0
93.9,0
94,0
94.1,0
94.2,0
94.3,0
94.4,0
94.5,0
94.6,0
94.7,0
94.8,0
94.9,0
95,0
95.1,0
95.2,0
95.3,0
95.4,0
95.5,0
95.6,0
95.7,0
95.8,0
95.9,0
96,0
96.1,0
96.2,0
96.3,0
96.4,0
96.5,0
96.6,0
96.7,0
96.8,0
96.9,0
97,0
97.1,0
97.2,0
97.3,0
97.4,0
97.5,0
97.6,0
97.7,0
97.8,0
97.9,0
98,0
98.1,0
98.2,0
98.3,0
98.4,0
98.5,0
98.6,0
98.7,0
98.79,0
98.79,2.22746e-06
98.8,0.0223214
98.8123,0.0497962
98.8123,0.0497962
98.8124,0.0498949
98.8124,0.0498949
98.9,0.245536
99,0.46875
99.1,0.691964
99.2,0.915179
99.3,1.13839
99.4,1.36161
99.5,1.58482
99.6,1.80804
99.7,2.03125
99.8,2.25446
99.9,2.47768
100,2.70089
100.1,2.92411
100.2,3.14732
100.3,3.37054
100.4,3.59375
100.5,3.81696
100.6,4.04018
100.7,4.26339
100.8,4.48661
100.9,4.70982
101,4.93304
101.1,5.15625
101.2,5.37946
101.3,5.60268
101.4,5.82589
101.5,6.04911
101.6,6.27232
101.7,6.49554
101.8,6.71875
101.9,6.94196
102,7.16518
102.1,7.38839
102.2,7.61161
102.3,7.83482
102.4,8.05804
102.5,8.28125
102.6,8.50446
102.7,8.72768
102.8,8.95089
102.9,9.17411
103,9.39732
103.1,9.62054
103.2,9.84375
103.3,10.067
103.4,10.2902
103.5,10.5134
103.6,10.7366
103.7,10.9598
103.8,11.183
103.9,11.4063
104,11.6295
104.1,11.8527
104.2,12.0759
104.3,12.2991
104.4,12.5223
104.5,12.7455
104.6,12.9687
104.7,13.192
104.8,13.4152
104.9,13.6384
105,13.8616
105.1,14.0848
105.2,14.308
105.3,14.5312
105.4,14.7545
105.5,14.9777
105.6,15.2009
105.7,15.4241
105.8,15.6473
105.9,15.8705
106,16.0937
106.1,16.317
106.2,16.5402
106.3,16.7634
106.4,16.9866
106.5,17.2098
106.6,17.433
106.7,17.6563
106.8,17.8795
106.9,18.1027
107,18.3259
107.1,18.5491
107.2,18.7723
107.3,18.9955
107.4,19.2188
107.5,19.442
107.6,19.6652
107.7,19.8884
107.8,20.1116
107.9,20.3348
108,20.558
108.1,20.7812
108.2,21.0045
108.3,21.2277
108.4,21.4509
108.5,21.6741
108.6,21.8973
108.7,22.1205
108.8,22.3437
108.9,22.567
109,22.7902
109.1,23.0134
109.2,23.2366
109.3,23.4598
109.4,23.683
109.5,23.9063
109.6,24.1295
109.7,24.3527
109.8,24.5759
109.9,24.7991
110,25.0223
110.1,25.2455
110.2,25.4688
110.3,25.692
110.4,25.9152
110.5,26.1384
110.6,26.3616
110.7,26.5848
110.8,26.808
110.9,27.0313
111,27.2545
111.1,27.4777
111.2,27.7009
111.3,27.9241
111.4,28.1473
111.5,28.3705
111.6,28.5937
111.7,28.817
111.8,29.0402
111.9,29.2634
112,29.4866
112.1,29.7098
112.2,29.933
112.3,30.1562
112.4,30.3795
112.5,30.6027
112.6,30.8259
112.7,31.0491
112.8,31.2723
112.9,31.4955
113,31.7188
113.1,31.942
113.2,32.1652
113.3,32.3884
113.4,32.6116
113.5,32.8348
113.6,33.058
113.7,33.2813
113.8,33.5045
113.9,33.7277
114,33.9509
114.1,34.1741
114.2,34.3973
114.3,34.6205
114.4,34.8438
114.5,35.067
114.6,35.2902
114.7,35.5134
114.8,35.7366
114.9,35.9598
115,36.183
115.1,36.4062
115.2,36.6295
115.3,36.8527
115.4,37.0759
115.5,37.2991
115.6,37.5223
115.7,37.7455
115.8,37.9688
115.9,38.192
116,38.4152
116.1,38.6384
116.2,38.8616
116.3,39.0848
116.4,39.308
116.5,39.5313
116.6,39.7545
116.7,39.9777
116.71,40
116.71,40
116.8,40
116.9,40
117,40
117.1,40
117.2,40
117.3,40
117.4,40
117.5,40
117.6,40
117.7,40
117.8,40
117.9,40
118,40
118.1,40
118.2,40
118.3,40
118.4,40
118.5,40
118.6,40
118.7,40
118.8,40
118.9,40
119,40
119.1,40
119.2,40
119.3,40
119.4,40
119.5,40
119.6,40
119.7,40
119.8,40
119.9,40
120,40
120.1,40
120.2,40
120.3,40
120.4,40
120.5,40
120.6,40
120.6,40
120.6,40
120.7,39.712
120.8,39.424
120.9,39.1361
121,38.8481
121.1,38.5601
121.2,38.2721
121.3,37.9842
121.4,37.6962
121.5,37.4082
121.6,37.1202
121.7,36.8323
121.8,36.5443
121.9,36.2563
122,35.9683
122.1,35.6803
122.2,35.3924
122.3,35.1044
122.4,34.8164
122.5,34.5284
122.6,34.2405
122.7,33.9525
122.8,33.6645
122.9,33.3765
123,33.0886
123.1,32.8006
123.2,32.5126
123.3,32.2246
123.4,31.9366
123.5,31.6487
123.6,31.3607
123.7,31.0727
123.8,30.7847
123.9,30.4968
124,30.2088
124.1,29.9208
124.2,29.6328
124.3,29.3449
124.4,29.0569
124.5,28.7689
124.6,28.4809
124.7,28.1929
124.8,27.905
124.9,27.617
125,27.329
125.1,27.041
125.2,26.7531
125.3,26.4651
125.4,26.1771
125.5,25.8891
125.6,25.6012
125.7,25.3132
125.8,25.0252
125.9,24.7372
126,24.4492
126.1,24.1613
126.2,23.8733
126.3,23.5853
126.4,23.2973
126.5,23.0094
126.6,22.7214
126.7,22.4334
126.8,22.1454
126.9,21.8575
127,21.5695
127.1,21.2815
127.2,20.9935
127.3,20.7055
127.4,20.4176
127.5,20.1296
127.6,19.8416
127.7,19.5536
127.8,19.2657
127.9,18.9777
128,18.6897
128.1,18.4017
128.2,18.1138
128.3,17.8258
128.4,17.5378
128.5,17.2498
128.6,16.9618
128.7,16.6739
128.8,16.3859
128.9,16.0979
129,15.8099
129.1,15.522
129.2,15.234
129.3,14.946
129.4,14.658
129.5,14.3701
129.6,14.0821
129.7,13.7941
129.8,13.5061
129.9,13.2181
130,12.9302
130.1,12.6422
130.2,12.3542
130.3,12.0662
130.4,11.7783
130.5,11.4903
130.6,11.2023
130.7,10.9143
130.8,10.6263
130.9,10.3384
131,10.0504
131.1,9.76242
131.2,9.47444
131.3,9.18647
131.4,8.89849
131.5,8.61051
131.6,8.32253
131.7,8.03456
131.8,7.74658
131.9,7.4586
132,7.17063
132.1,6.88265
132.2,6.59467
132.3,6.3067
132.4,6.01872
132.5,5.73074
132.6,5.44276
132.7,5.15479
132.8,4.86681
132.9,4.57883
133,4.29086
133.1,4.00288
133.2,3.7149
133.3,3.42693
133.4,3.13895
133.5,2.85097
133.6,2.56299
133.7,2.27502
133.8,1.98704
133.9,1.69906
134,1.41109
134.1,1.12311
134.2,0.835133
134.3,0.547156
134.4,0.259179
134.49,0
134.49,0
134.5,0
134.6,0
134.7,0
134.724,0
134.724,0
134.8,0
134.9,0
135,0
135.1,0
135.2,0
135.3,0
135.4,0
135.5,0
135.6,0
135.7,0
135.8,0
135.9,0
136,0
136.1,0
136.2,0
136.3,0
136.4,0
136.5,0
136.6,0
136.7,0
136.8,0
136.9,0
137,0
137.1,0
137.2,0
137.3,0
137.4,0
137.5,0
137.6,0
137.7,0
137.8,0
137.9,0
138,0
138.1,0
138.2,0
138.3,0
138.4,0
138.5,0
138.6,0
138.7,0
138.8,0
138.9,0
139,0
139.1,0
139.2,0
139.3,0
139.4,0
139.5,0
139.6,0
139.7,0
139.8,0
139.9,0
140,0
140.1,0
140.2,0
140.3,0
140.4,0
140.5,0
140.6,0
140.7,0
140.8,0
140.9,0
141,0
141.1,0
141.2,0
141.3,0
141.4,0
141.5,0
141.6,0
141.7,0
141.8,0
141.9,0
142,0
142.1,0
142.2,0
142.3,0
142.4,0
142.5,0
142.6,0
142.7,0
142.8,0
142.9,0
143,0
143.1,0
143.2,0
143.3,0
143.4,0
143.5,0
143.6,0
143.7,0
143.8,0
143.9,0
144,0
144.1,0
144.2,0
144.3,0
144.4,0
144.5,0
144.6,0
144.7,0
144.8,0
144.9,0
145,0
145.1,0
145.2,0
145.3,0
145.4,0
145.5,0
145.6,0
145.7,0
145.8,0
145.9,0
146,0
146.1,0
146.2,0
146.3,0
146.4,0
146.5,0
146.6,0
146.7,0
146.8,0
146.9,0
147,0
147.1,0
147.2,0
147.3,0
147.4,0
147.5,0
147.6,0
147.7,0
147.8,0
147.9,0
148,0
148.1,0
148.2,0
148.3,0
148.4,0
148.5,0
148.6,0
148.7,0
148.8,0
148.9,0
149,0
149.1,0
149.2,0
149.3,0
149.4,0
149.5,0
149.6,0
149.7,0
149.8,0
149.9,0
150,0
150,0
150,5.60297e-06
150.013,0.0497962
150.013,0.0497962
150.013,0.0498961
150.013,0.0498961
150.1,0.371058
150.2,0.742115
150.3,1.11317
150.4,1.48423
150.5,1.85529
150.6,2.22635
150.7,2.5974
150.8,2.96846
150.9,3.33952
151,3.71058
151.1,4.08163
151.2,4.45269
151.3,4.82375
151.4,5.19481
151.5,5.56586
151.6,5.93692
151.7,6.30798
151.8,6.67904
151.9,7.05009
152,7.42115
152.1,7.79221
152.2,8.16327
152.3,8.53432
152.4,8.90538
152.5,9.27644
152.6,9.6475
152.7,10.0186
152.8,10.3896
152.9,10.7607
153,11.1317
153.1,11.5028
153.2,11.8738
153.3,12.2449
153.4,12.616
153.5,12.987
153.6,13.3581
153.7,13.7291
153.8,14.1002
153.9,14.4712
154,14.8423
154.1,15.2134
154.2,15.5844
154.3,15.9555
154.4,16.3265
154.5,16.6976
154.6,17.0686
154.7,17.4397
154.8,17.8108
154.9,18.1818
155,18.5529
155.1,18.9239
155.2,19.295
155.3,19.666
155.39,20
155.39,20
155.4,20
155.5,20
155.6,20
155.7,20
155.8,20
155.9,20
156,20
156.1,20
156.2,20
156.3,20
156.4,20
156.5,20
156.6,20
156.7,20
156.8,20
156.9,20
157,20
157.1,20
157.2,20
157.3,20
157.4,20
157.5,20
157.6,20
157.7,20
157.8,20
157.9,20
158,20
158.1,20
158.2,20
158.3,20
158.4,20
158.5,20
158.6,20
158.7,20
158.8,20
158.9,20
159,20
159.1,20
159.2,20
159.3,20
159.4,20
159.5,20
159.6,20
159.7,20
159.8,20
159.9,20
160,20
160.1,20
160.2,20
160.3,20
160.4,20
160.5,20
160.6,20
160.7,20
160.8,20
160.9,20
161,20
161.1,20
161.2,20
161.3,20
161.4,20
161.5,20
161.6,20
161.7,20
161.8,20
161.9,20
162,20
162.1,20
162.2,20
162.3,20
162.4,20
162.5,20
162.6,20
162.7,20
162.8,20
162.9,20
163,20
163.1,20
163.2,20
163.3,20
163.4,20
163.5,20
163.6,20
163.7,20
163.8,20
163.9,20
164,20
164.1,20
164.2,20
164.3,20
164.4,20
164.5,20
164.6,20
164.7,20
164.8,20
164.9,20
165,20
165.1,20
165.2,20
165.3,20
165.4,20
165.5,20
165.6,20
165.7,20
165.8,20
165.9,20
166,20
166.1,20
166.2,20
166.3,20
166.4,20
166.5,20
166.6,20
166.7,20
166.8,20
166.9,20
167,20
167.1,20
167.2,20
167.22,20
167.22,20
167.3,19.7698
167.4,19.482
167.5,19.1942
167.6,18.9065
167.7,18.6187
167.8,18.3309
167.9,18.0432
168,17.7554
168.1,17.4676
168.2,17.1799
168.3,16.8921
168.4,16.6043
168.5,16.3165
168.6,16.0288
168.7,15.741
168.8,15.4532
168.9,15.1655
169,14.8777
169.1,14.5899
169.2,14.3022
169.3,14.0144
169.4,13.7266
169.5,13.4388
169.6,13.1511
169.7,12.8633
169.8,12.5755
169.9,12.2878
170,12
170.1,11.7122
170.2,11.4245
170.3,11.1367
170.4,10.8489
170.5,10.5612
170.6,10.2734
170.7,9.98561
170.8,9.69784
170.9,9.41007
171,9.1223
171.1,8.83453
171.2,8.54676
171.3,8.25899
171.4,7.97122
171.5,7.68345
171.6,7.39568
171.7,7.10791
171.8,6.82014
171.9,6.53237
172,6.2446
172.1,5.95683
172.2,5.66906
172.3,5.38129
172.4,5.09353
172.5,4.80576
172.6,4.51799
172.7,4.23022
172.8,3.94245
172.9,3.65468
173,3.36691
173.1,3.07914
173.2,2.79137
173.3,2.5036
173.4,2.21583
173.5,1.92806
173.6,1.64029
173.7,1.35252
173.8,1.06475
173.9,0.776978
174,0.489209
174.1,0.201439
174.17,0
174.17,0
174.2,0
174.3,0
174.4,0
174.403,0
174.403,0
174.5,0
174.6,0
174.7,0
174.8,0
174.9,0
175,0
175.1,0
175.2,0
175.3,0
175.4,0
175.5,0
175.6,0
175.7,0
175.8,0
175.9,0
176,0
176.1,0
176.2,0
176.3,0
176.4,0
176.5,0
176.6,0
176.7,0
176.8,0
176.9,0
177,0
177.1,0
177.2,0
177.3,0
177.4,0
177.5,0
177.6,0
177.7,0
177.8,0
177.9,0
178,0
178.1,0
178.2,0
178.3,0
178.4,0
178.5,0
178.6,0
178.7,0
178.8,0
178.9,0
179,0
179.1,0
179.2,0
179.3,0
179.4,0
179.5,0
179.6,0
179.7,0
179.8,0
179.9,0
180,0
180.1,0
180.2,0
180.3,0
180.4,0
180.5,0
180.6,0
180.7,0
180.8,0
180.9,0
181,0
181.1,0
181.2,0
181.3,0
181.4,0
181.5,0
181.6,0
181.7,0
181.8,0
181.9,0
182,0
182.1,0
182.2,0
182.3,0
182.4,0
182.5,0
182.6,0
182.7,0
182.8,0
182.9,0
183,0
183.1,0
183.2,0
183.3,0
183.4,0
183.5,0
183.6,0
183.7,0
183.8,0
183.9,0
184,0
184.1,0
184.2,0
184.3,0
184.4,0
184.5,0
184.6,0
184.7,0
184.8,0
184.9,0
185,0
185.1,0
185.2,0
185.3,0
185.4,0
185.5,0
185.6,0
185.7,0
185.8,0
185.9,0
186,0
186.1,0
186.2,0
186.3,0
186.4,0
186.5,0
186.6,0
186.7,0
186.8,0
186.9,0
187,0
187.1,0
187.2,0
187.3,0
187.4,0
187.5,0
187.6,0
187.7,0
187.8,0
187.9,0
188,0
188.1,0
188.2,0
188.3,0
188.4,0
188.5,0
188.6,0
188.7,0
188.8,0
188.9,0
189,0
189.1,0
189.2,0
189.3,0
189.4,0
189.5,0
189.6,0
189.7,0
189.8,0
189.9,0
190,0
190.1,0
190.2,0
190.3,0
190.4,0
190.5,0
190.6,0
190.7,0
190.8,0
190.9,0
191,0
191.1,0
191.2,0
191.3,0
191.4,0
191.5,0
191.6,0
191.7,0
191.8,0
191.9,0
192,0
192.1,0
192.2,0
192.3,0
192.4,0
192.5,0
192.6,0
192.7,0
192.8,0
192.9,0
193,0
193.1,0
193.2,0
193.3,0
193.4,0
193.5,0
193.6,0
193.7,0
193.8,0
193.9,0
194,0
194.1,0
194.17,0
194.17,5.41137e-06
194.188,0.0497962
194.188,0.0497962
194.188,0.0500068
194.188,0.0500068
194.2,0.0831793
194.3,0.360444
194.4,0.637708
194.5,0.914972
194.6,1.19224
194.7,1.4695
194.8,1.74677
194.9,2.02403
195,2.30129
195.1,2.57856
195.2,2.85582
195.3,3.13309
195.4,3.41035
195.5,3.68762
195.6,3.96488
195.7,4.24214
195.8,4.51941
195.9,4.79667
196,5.07394
196.1,5.3512
196.2,5.62847
196.3,5.90573
196.4,6.18299
196.5,6.46026
196.6,6.73752
196.7,7.01479
196.8,7.29205
196.9,7.56932
197,7.84658
197.1,8.12384
197.2,8.40111
197.3,8.67837
197.4,8.95564
197.5,9.2329
197.6,9.51017
197.7,9.78743
197.8,10.0647
197.9,10.342
198,10.6192
198.1,10.8965
198.2,11.1738
198.3,11.451
198.4,11.7283
198.5,12.0055
198.6,12.2828
198.7,12.5601
198.8,12.8373
198.9,13.1146
199,13.3919
199.1,13.6691
199.2,13.9464
199.3,14.2237
199.4,14.5009
199.5,14.7782
199.6,15.0555
199.7,15.3327
199.8,15.61
199.9,15.8872
200,16.1645
200,16.1645
